Ref,Val,Package,PosX,PosY,Rot,Side
"C101","100p","C_1206_3216Metric",13.500000,-3.900000,0.000000,top
"C102","100p","C_1206_3216Metric",41.500000,-3.900000,0.000000,top
"C103","100p","C_1206_3216Metric",47.000000,-3.900000,0.000000,top
"C104","1n8 C0G","C_1206_3216Metric",47.000000,-9.400000,0.000000,top
"C201","100p","C_1206_3216Metric",13.500000,-24.100000,0.000000,top
"C202","100p","C_1206_3216Metric",41.500000,-24.100000,0.000000,top
"C203","100p","C_1206_3216Metric",47.000000,-24.100000,0.000000,top
"C204","1n8 C0G","C_1206_3216Metric",47.000000,-18.600000,0.000000,top
"C301","100p","C_1206_3216Metric",13.500000,-26.900000,0.000000,top
"C302","100p","C_1206_3216Metric",41.500000,-26.900000,0.000000,top
"C303","100p","C_1206_3216Metric",47.000000,-26.900000,0.000000,top
"C304","1n8 C0G","C_1206_3216Metric",47.000000,-32.400000,0.000000,top
"C401","100p","C_1206_3216Metric",13.500000,-47.100000,0.000000,top
"C402","100p","C_1206_3216Metric",41.500000,-47.100000,0.000000,top
"C403","100p","C_1206_3216Metric",47.000000,-47.100000,0.000000,top
"C404","1n8 C0G","C_1206_3216Metric",47.000000,-41.600000,0.000000,top
"C501","100p","C_1206_3216Metric",13.500000,-49.900000,0.000000,top
"C502","100p","C_1206_3216Metric",41.500000,-49.900000,0.000000,top
"C503","100p","C_1206_3216Metric",47.000000,-49.900000,0.000000,top
"C504","1n8 C0G","C_1206_3216Metric",47.000000,-55.400000,0.000000,top
"C601","100p","C_1206_3216Metric",13.500000,-70.100000,0.000000,top
"C602","100p","C_1206_3216Metric",41.500000,-70.100000,0.000000,top
"C603","100p","C_1206_3216Metric",47.000000,-70.100000,0.000000,top
"C604","1n8 C0G","C_1206_3216Metric",47.000000,-64.599999,0.000000,top
"C701","10n","C_1206_3216Metric",62.000000,-44.000000,0.000000,top
"C901","4u7/25V","C_1206_3216Metric",73.500000,-8.000000,0.000000,top
"C902","4u7/25V","C_1206_3216Metric",73.500000,-12.000000,0.000000,top
"C903","4u7/25V","C_1206_3216Metric",73.500000,-62.000000,0.000000,top
"C904","4u7/25V","C_1206_3216Metric",73.500000,-66.000000,0.000000,top
"J1","PZT","PinHeader_1x03_P2.54mm_Vertical",8.000000,-9.400000,90.000000,top
"J2","PZT","PinHeader_1x03_P2.54mm_Vertical",8.000000,-18.600000,90.000000,top
"J3","PZT","PinHeader_1x03_P2.54mm_Vertical",8.000000,-32.400000,90.000000,top
"J4","PZT","PinHeader_1x03_P2.54mm_Vertical",8.000000,-41.600000,90.000000,top
"J5","PZT","PinHeader_1x03_P2.54mm_Vertical",8.000000,-55.400000,90.000000,top
"J6","PZT","PinHeader_1x03_P2.54mm_Vertical",8.000000,-64.599999,90.000000,top
"J7","DIN-8","PinHeader_1x09_P2.54mm_Vertical",26.000000,-76.500000,90.000000,top
"J8","PIZZ/ARCO","PinHeader_1x02_P2.54mm_Vertical",50.000000,-76.500000,90.000000,top
"R101","1k","R_1206_3216Metric",18.000000,-9.400000,0.000000,top
"R102","3M3","R_1206_3216Metric",8.000000,-3.900000,0.000000,top
"R103","1k","R_1206_3216Metric",22.500000,-3.900000,0.000000,top
"R104","47k 1%","R_1206_3216Metric",36.000000,-9.400000,0.000000,top
"R105","47k 1%","R_1206_3216Metric",36.000000,-3.900000,0.000000,top
"R106","47k 1%","R_1206_3216Metric",41.500000,-9.400000,0.000000,top
"R201","1k","R_1206_3216Metric",18.000000,-18.600000,0.000000,top
"R202","3M3","R_1206_3216Metric",8.000000,-24.100000,0.000000,top
"R203","1k","R_1206_3216Metric",22.500000,-24.100000,0.000000,top
"R204","47k 1%","R_1206_3216Metric",36.000000,-18.600000,0.000000,top
"R205","47k 1%","R_1206_3216Metric",36.000000,-24.100000,0.000000,top
"R206","47k 1%","R_1206_3216Metric",41.500000,-18.600000,0.000000,top
"R301","1k","R_1206_3216Metric",18.000000,-32.400000,0.000000,top
"R302","3M3","R_1206_3216Metric",8.000000,-26.900000,0.000000,top
"R303","1k","R_1206_3216Metric",22.500000,-26.900000,0.000000,top
"R304","47k 1%","R_1206_3216Metric",36.000000,-32.400000,0.000000,top
"R305","47k 1%","R_1206_3216Metric",36.000000,-26.900000,0.000000,top
"R306","47k 1%","R_1206_3216Metric",41.500000,-32.400000,0.000000,top
"R401","1k","R_1206_3216Metric",18.000000,-41.600000,0.000000,top
"R402","3M3","R_1206_3216Metric",8.000000,-47.100000,0.000000,top
"R403","1k","R_1206_3216Metric",22.500000,-47.100000,0.000000,top
"R404","47k 1%","R_1206_3216Metric",36.000000,-41.600000,0.000000,top
"R405","47k 1%","R_1206_3216Metric",36.000000,-47.100000,0.000000,top
"R406","47k 1%","R_1206_3216Metric",41.500000,-41.600000,0.000000,top
"R501","1k","R_1206_3216Metric",18.000000,-55.400000,0.000000,top
"R502","3M3","R_1206_3216Metric",8.000000,-49.900000,0.000000,top
"R503","1k","R_1206_3216Metric",22.500000,-49.900000,0.000000,top
"R504","47k 1%","R_1206_3216Metric",36.000000,-55.400000,0.000000,top
"R505","47k 1%","R_1206_3216Metric",36.000000,-49.900000,0.000000,top
"R506","47k 1%","R_1206_3216Metric",41.500000,-55.400000,0.000000,top
"R601","1k","R_1206_3216Metric",18.000000,-64.599999,0.000000,top
"R602","3M3","R_1206_3216Metric",8.000000,-70.100000,0.000000,top
"R603","1k","R_1206_3216Metric",22.500000,-70.100000,0.000000,top
"R604","47k 1%","R_1206_3216Metric",36.000000,-64.599999,0.000000,top
"R605","47k 1%","R_1206_3216Metric",36.000000,-70.100000,0.000000,top
"R606","47k 1%","R_1206_3216Metric",41.500000,-64.599999,0.000000,top
"R701","1M","R_1206_3216Metric",62.000000,-34.000000,0.000000,top
"R702","20k","R_1206_3216Metric",62.000000,-30.000000,0.000000,top
"U1","OPA4191","SOIC-14_3.9x8.7mm_P1.27mm",28.500000,-14.000000,0.000000,top
"U2","OPA4191","SOIC-14_3.9x8.7mm_P1.27mm",28.500000,-37.000000,0.000000,top
"U3","OPA4191","SOIC-14_3.9x8.7mm_P1.27mm",28.500000,-60.000000,0.000000,top
"U4","CD4066B","SO-14_3.9x8.65mm_P1.27mm",64.000000,-19.000000,0.000000,top
"U5","CD4066B","SO-14_3.9x8.65mm_P1.27mm",64.000000,-51.000000,0.000000,top
